{"score": 27, "loss": 0.03089900314807892, "avg_score": 37.1, "_timestamp": 1707219867.3960817, "_runtime": 873.860996723175, "_step": 5}