{"score": 2, "loss": 0.03815806284546852, "_timestamp": 1707219860.3694954, "_runtime": 3843.0676624774933, "_step": 112, "avg_score": 14.9}