{"score": 51, "loss": 0.005602288991212845, "avg_score": 16.5, "_timestamp": 1707219873.3494844, "_runtime": 74.72915935516357, "_step": 0}